{
  "Author": "Tischel, k8thekat",
  "Name": "TPie",
  "InternalName": "TPie",
  "AssemblyVersion": "1.11.0.0",
  "Description": "Highly configurable hotbars that can be toggled with a keybind. They can be filled with Actions, Items, Gear Sets, Macros and more...",
  "ApplicableVersion": "any",
  "RepoUrl": "https://github.com/k8thekat/TPie/releases/download/2.0.0.0/latest.zip",
  "Tags": [
    "UI"
  ],
  "DalamudApiLevel": 12,
  "LoadRequiredState": 0,
  "LoadSync": false,
  "CanUnloadAsync": false,
  "LoadPriority": 0,
  "Punchline": "Customizable ring-shaped hotbars",
  "Changelog": "# 2.0.0\n\n- Added support for Patch 7.2 and Dalamud API 12.",
  "AcceptsFeedback": true
}